{"name":"Player","hp":60,"att":7,"def":0,"lvl":1,"pos":{"x":-29.30108070373535,"y":-14.014883995056153,"z":13.056670188903809}}