{"name":"Player","hp":8,"att":5,"def":0,"lvl":1,"pos":{"x":7.998918056488037,"y":-1.1086339950561524,"z":8.520000457763672}}