{"name":"Player","hp":93,"att":5,"def":0,"lvl":1,"pos":{"x":-14.265122413635254,"y":-1.1086339950561524,"z":8.03085994720459}}