{"name":"Player","hp":93,"att":5,"def":0,"lvl":1,"pos":{"x":-7.771930694580078,"y":-1.1086339950561524,"z":6.394240856170654}}