{"name":"Player","hp":9,"att":5,"def":0,"lvl":1,"pos":{"x":8.238069534301758,"y":-1.1086339950561524,"z":7.811827182769775}}