{"name":"Player","hp":106,"att":2,"def":0,"lvl":1,"pos":{"x":-8.5,"y":1.5099999904632569,"z":1.9800000190734864}}