{"name":"Player","hp":93,"att":5,"def":0,"lvl":1,"pos":{"x":-12.760537147521973,"y":-1.1086339950561524,"z":6.394240856170654}}