{"name":"Player","hp":93,"att":5,"def":0,"lvl":1,"pos":{"x":-9.121662139892579,"y":-1.1086339950561524,"z":6.152325630187988}}