{"name":"Player","hp":93,"att":5,"def":0,"lvl":1,"pos":{"x":-1.404342532157898,"y":-1.1086339950561524,"z":7.532108783721924}}