{"name":"Player","hp":12,"att":5,"def":0,"lvl":1,"pos":{"x":-23.530000686645509,"y":-14.014883995056153,"z":12.15999984741211}}