{"name":"Player","hp":60,"att":7,"def":0,"lvl":1,"pos":{"x":-10.051081657409668,"y":-14.013199806213379,"z":14.156129837036133}}